{
  "split": "test",
  "n": 20,
  "mse": 2.3245806914928835e-06,
  "mae": 0.0010569209698587656
}