{
  "split": "test",
  "n": 250,
  "mse": 0.698317922115326,
  "mae": 0.6854197382926941
}