{
  "best_val": 0.5615294919013977,
  "test_mse": 0.41519996547698973,
  "test_mae": 0.30850789856910704,
  "sizes": {
    "train": 2005,
    "val": 250,
    "test": 250
  },
  "ckpt": "models/checkpoints/trial1.pt",
  "device": "cpu",
  "adv_enabled": true,
  "adv_mode": "mix"
}