{
  "split": "test",
  "n": 200,
  "mse": 0.040860990199726076,
  "mae": 0.04761597476899624
}