{
  "split": "test",
  "n": 2505,
  "mse": 0.01784419937322089,
  "mae": 0.01515049235616437
}