{
  "split": "test",
  "n": 10010,
  "mse": 0.1373943194300383,
  "mae": 0.0886312673454518
}