{
  "best_val": 0.13866786615891413,
  "test_mse": 0.1373943194300383,
  "test_mae": 0.0886312673454518,
  "sizes": {
    "train": 80080,
    "val": 10010,
    "test": 10010
  },
  "ckpt": "models/checkpoints/run-20251104-220445.pt",
  "device": "mps"
}