{
  "split": "test",
  "n": 1800,
  "mse": 0.01561153239276286,
  "mae": 0.01783722830315431
}