{
  "split": "test",
  "n": 250,
  "mse": 0.7606515259742737,
  "mae": 0.7266946392059326
}