epoch,train_loss,val_loss
0,27.935569,27.766301
1,27.204077,26.728801
2,25.441962,23.867042
3,20.822886,17.163890
4,12.413111,7.719644
5,4.514047,2.530810
6,1.778110,1.858884
7,1.468269,1.665901
8,1.312187,1.502953
9,1.191703,1.405487
10,1.082876,1.269897
11,0.983636,1.153886
12,0.896814,1.065437
13,0.811159,0.963634
14,0.733226,0.892157
15,0.661576,0.814269
16,0.606845,0.771383
17,0.543360,0.686095
18,0.488042,0.623436
19,0.437115,0.563241
