{
  "split": "test",
  "n": 1800,
  "mse": 0.012512629603507876,
  "mae": 0.01745815386167831
}