{
  "split": "test",
  "n": 1800,
  "mse": 0.0014986149639763526,
  "mae": 0.008787209177907143
}