{
  "split": "test",
  "n": 20,
  "mse": 1.5435027762578102e-06,
  "mae": 0.0009611477144062519
}