y_true,y_pred
0.0,0.0007192204
0.0,-0.0018346747
0.0,-0.00026740227
0.0,-0.0032211943
0.0,0.00087267254
0.0,0.0005828822
0.0,0.0006934861
0.0,0.0015419507
0.0,-0.00041244458
0.0,-0.002466849
0.0,-0.00018674787
0.0,-0.0012198826
0.0,-0.0007475382
0.0,-0.00053801294
0.0,0.00010468904
0.0,0.000429512
0.0,0.0013213167
0.0,0.0007272409
0.0,-0.00012403633
0.0,0.0012112008
