{
  "clean": {
    "mse": 1.5435027762578102e-06,
    "mae": 0.0009611477144062519
  },
  "adv": {
    "mse": 2.56200860349054e-06,
    "mae": 0.001356190419755876
  }
}