{
  "split": "test",
  "n": 250,
  "mse": 0.015051589205861091,
  "mae": 0.06870589834451675
}