{
  "best_val": 0.01955130859836936,
  "test_mse": 0.015051589205861091,
  "test_mae": 0.06870589834451675,
  "sizes": {
    "train": 2005,
    "val": 250,
    "test": 250
  },
  "ckpt": "models/checkpoints/run-20251014-114751.pt",
  "device": "mps"
}