{
  "split": "test",
  "n": 10009,
  "mse": 0.0032599496078079267,
  "mae": 0.02159152145230731
}