{
  "split": "test",
  "n": 900,
  "mse": 0.031222027029014297,
  "mae": 0.04023368873529964
}