{"mu": [[3.230924367904663, 4.977287292480469, 0.00023620252613909543, 0.4091167151927948, -0.0011865729466080666, 6.421370017051231e-06, 1.0, 0.0003371020429767668, 0.0, -1.6972393495962024e-05, 0.7731665968894958, 0.02270006388425827, -0.011716024950146675, -0.0003372676146682352, 0.0]], "sd": [[1.39725923538208, 0.008079850114881992, 0.06923358887434006, 0.6502856612205505, 0.019300397485494614, 0.6533679366111755, 9.99999993922529e-09, 0.10418033599853516, 9.99999993922529e-09, 0.23431697487831116, 1.4019584655761719, 0.008104447275400162, 0.07284437865018845, 0.10418033599853516, 9.99999993922529e-09]]}