{"mu": [[3.6150004863739014, 4.985297679901123, 0.0001233695656992495, 0.20483306050300598, -0.0001636097440496087, -5.795425863652781e-07, 1.0, 0.00016171052993740886, 0.0, -2.123191933378621e-07, 0.3870479166507721, 0.014700083062052727, -0.005863871891051531, -0.0001617105008335784]], "sd": [[1.060616135597229, 0.00999846775084734, 0.048978786915540695, 0.503441333770752, 0.013694055378437042, 0.4622190296649933, 9.99999993922529e-09, 0.07370161265134811, 9.99999993922529e-09, 0.16576535999774933, 1.0644559860229492, 0.010000606067478657, 0.051864977926015854, 0.07370161265134811]]}