{"mu": [[3.6450064182281494, 4.98529577255249, 9.112984116654843e-05, 0.19999974966049194, -0.00016340543515980244, 2.730488688484911e-07, 1.0, 0.00021149517851881683, 0.0, -1.9368779646811163e-07, 0.356993705034256, 0.014702191576361656, -0.00584420096129179, -0.00021149519307073206, 0.0]], "sd": [[0.9031730890274048, 0.010013817809522152, 0.046166785061359406, 0.46424853801727295, 0.013877389952540398, 0.40815800428390503, 9.99999993922529e-09, 0.07800649106502533, 9.99999993922529e-09, 0.1843566745519638, 0.9068081378936768, 0.010015946812927723, 0.05194058641791344, 0.07800649106502533, 9.99999993922529e-09]]}