{
  "split": "test",
  "n": 200,
  "mse": 0.05194291269988753,
  "mae": 0.039389625564217566
}