{
  "split": "test",
  "n": 900,
  "mse": 0.02682506782727109,
  "mae": 0.04794680565595627
}