{
  "best_val": 0.04008910839097547,
  "test_mse": 0.02682506782727109,
  "test_mae": 0.04794680565595627,
  "sizes": {
    "train": 7208,
    "val": 901,
    "test": 900
  },
  "ckpt": "models/checkpoints/run-20251023-140306.pt",
  "device": "mps"
}