{
  "split": "test",
  "n": 10009,
  "mse": 0.07680767502433616,
  "mae": 0.06806341483809396
}