{
  "best_val": 0.09253143984624365,
  "test_mse": 0.07680767502433616,
  "test_mae": 0.06806341483809396,
  "sizes": {
    "train": 80076,
    "val": 10009,
    "test": 10009
  },
  "ckpt": "models/checkpoints/run-20251104-214211.pt",
  "device": "mps"
}