{"mu": [[[4.019138336181641], [4.970555782318115], [0.0013740996364504099], [0.008177442476153374], [0.02409289963543415], [-8.69714369855501e-07], [1.0], [-0.004827545024454594], [0.0], [0.0016392645193263888], [-0.019132155925035477], [0.03026060201227665], [0.004827545024454594]]], "sd": [[[1.4276561737060547], [0.19471976161003113], [0.13455279171466827], [0.8384251594543457], [0.4586937129497528], [1.4079509973526], [9.99999993922529e-09], [0.26310309767723083], [9.99999993922529e-09], [0.6915169954299927], [1.4276561737060547], [0.19471976161003113], [0.26310309767723083]]]}