{"mu": [[[-4.267204761505127], [4.726083278656006], [0.0007095047039911151], [-1.2750777006149292], [0.01151992380619049], [-0.0035204163286834955], [1.0], [142.15956115722656], [0.0], [27.685998916625977], [8.254467964172363], [0.2740466892719269], [-141.88287353515625]]], "sd": [[[9.228521347045898], [0.5630477070808411], [0.10467503219842911], [5.41934061050415], [5.489640235900879], [1.1506099700927734], [9.99999993922529e-09], [182.90550231933594], [9.99999993922529e-09], [27.154638290405273], [9.22189712524414], [0.5677539706230164], [182.64743041992188]]]}