{
  "split": "test",
  "n": 200,
  "mse": 0.05047369159758091,
  "mae": 0.043883097022771836
}