{
  "best_val": 0.0073068695515394215,
  "test_mse": 0.05047369159758091,
  "test_mae": 0.043883097022771836,
  "sizes": {
    "train": 1600,
    "val": 200,
    "test": 200
  },
  "ckpt": "models/checkpoints/trial_quad_config_0.2_100.pt",
  "device": "cpu",
  "adv_enabled": true,
  "adv_mode": "mix"
}