{
  "split": "test",
  "n": 10009,
  "mse": 0.08554515405109091,
  "mae": 0.06990132550013411
}