epoch,train_loss,val_loss
0,0.632026,0.345180
1,0.293000,0.301308
2,0.241378,0.257200
3,0.210407,0.226062
4,0.195587,0.194185
5,0.180712,0.190963
6,0.171906,0.181031
7,0.167369,0.192421
8,0.153224,0.159576
9,0.147346,0.148324
10,0.141472,0.137064
11,0.133867,0.147220
12,0.132614,0.146550
13,0.127963,0.154930
14,0.125463,0.133374
15,0.122596,0.150355
16,0.114638,0.127727
17,0.117271,0.124377
18,0.112785,0.130991
19,0.114868,0.131204
20,0.109843,0.131919
