epoch,train_loss,val_loss
0,1.105153,0.750851
1,0.705437,0.726017
2,0.596038,0.562954
3,0.437122,0.467758
4,0.365540,0.350948
5,0.324560,0.334281
6,0.296647,0.306732
7,0.279499,0.311740
