{
  "split": "test",
  "n": 10009,
  "mse": 0.09923813185297367,
  "mae": 0.09752844406321805
}