{
  "best_val": 0.10191679071683021,
  "test_mse": 0.09923813185297367,
  "test_mae": 0.09752844406321805,
  "sizes": {
    "train": 80076,
    "val": 10009,
    "test": 10009
  },
  "ckpt": "models/checkpoints/run-20251104-212534.pt",
  "device": "mps"
}