{"mu": [[0.0015264947433024645, -0.0045393081381917, -0.0015264947433024645]], "sd": [[0.23098202049732208, 0.5283429622650146, 0.23098202049732208]]}