{"mu": [[0.009474065154790878, -0.029426345601677895, -0.009474065154790878]], "sd": [[0.6039718389511108, 1.3763457536697388, 0.6039718389511108]]}