{"mu": [[13.26598834991455, 11.858606338500977]], "sd": [[13.786165237426758, 3.6450564861297607]]}