{"mu": [[-0.01190467830747366, 0.024778390303254128, 0.01190467830747366]], "sd": [[0.5067620277404785, 1.0723503828048706, 0.5067620277404785]]}