{
  "split": "test",
  "n": 900,
  "mse": 0.028023887171099583,
  "mae": 0.03279460919400056
}