{
  "split": "test",
  "n": 1800,
  "mse": 0.009074860585832439,
  "mae": 0.012517941317831476
}