{
  "split": "test",
  "n": 200,
  "mse": 0.04915247155353427,
  "mae": 0.040300147011876106
}