epoch,train_loss,val_loss
0,1.511085,0.125050
1,0.092362,0.046358
2,0.058031,0.041946
3,0.051817,0.030265
4,0.047665,0.037520
5,0.052368,0.020271
6,0.042703,0.024583
7,0.045107,0.021046
8,0.047577,0.020465
9,0.038889,0.019909
10,0.036928,0.011506
11,0.037168,0.008241
12,0.036595,0.012792
13,0.036153,0.012077
14,0.032702,0.009835
15,0.029562,0.008644
16,0.035877,0.013991
17,0.034175,0.013892
18,0.032923,0.013991
19,0.031378,0.029247
